read_id,chr,mapq,position,cluster,softclipped_matched,side,clip_length,ltr_start,ltr_end,orientation
257c0ddb-0668-43e2-ba4b-4a822e42ebcf,chr12,60,120865490,chr12:120865490,exact,right,89,91,179,reverse_complement
6032ceb5-fa2c-4e76-a77d-fb2bc82cdf1f,chr12,60,120865490,chr12:120865490,exact,right,90,90,179,reverse_complement
c82e05dc-eb81-4334-8adb-152e48d56f4e,chr12,60,120865490,chr12:120865490,exact,right,86,94,179,reverse_complement
73bc9563-ab87-47af-82d5-2e199bcd0e7a,chr12,60,120865490,chr12:120865490,exact,right,89,91,179,reverse_complement
2dbd8b3d-f39b-4145-abcb-d7b1dc74ee35,chr12,60,120865490,chr12:120865490,exact,right,89,91,179,reverse_complement
6f592637-0b32-446d-a7e2-2a18ad926d10,chr12,60,4083263,chr12:4083263,exact,right,28,91,118,reverse_complement
1094d475-1254-480d-9d30-90cedc4db563,chr9,0,42120176,chr9:42120176,exact,left,34,90,123,forward
f837dfd3-90c1-41a9-8ed7-5ad5e2a438a2,chr12,60,120865490,chr12:120865490,exact,right,90,90,179,reverse_complement
a5809c77-2e54-4e07-96e3-3a91e207b27b,chr2,60,66315975,chr2:66315975,exact,right,23,92,114,reverse_complement
82f2baa8-a743-47be-8736-870e56cbfc31,chr7,60,21552438,chr7:21552438,exact,right,115,90,204,reverse_complement
8865972d-099a-4824-b6fc-e22f4ac7ba40,chr12,60,120865490,chr12:120865490,exact,right,88,92,179,reverse_complement
68dcb2c4-3c7e-446a-911a-ad1c820c575b,chr12,60,120865490,chr12:120865490,exact,right,89,91,179,reverse_complement
85b6e419-392c-4967-b0c5-00104f05056d,chr12,60,120865490,chr12:120865490,exact,right,37,143,179,reverse_complement
9fcc9435-8864-4b1f-85eb-8b219484efdb,chr12,60,120865490,chr12:120865490,exact,right,88,92,179,reverse_complement
471a2e8f-3343-4119-9506-a5377e512edc,chr12,60,115354578,chr12:115354578,exact,right,32,90,121,reverse_complement
228b052e-b0b5-4133-88b4-4223be4e9f48,chr12,60,120865490,chr12:120865490,exact,right,89,91,179,reverse_complement
dbd17180-3651-4049-841e-0a8d73b8f2f7,chr12,60,120865490,chr12:120865490,exact,right,88,92,179,reverse_complement
5daf7657-6a56-4d84-932b-4257008c6286,chr12,60,120865490,chr12:120865490,exact,right,87,93,179,reverse_complement
971b93fc-fec4-48de-8904-92cea086ea44,chr12,60,120865490,chr12:120865490,exact,right,89,91,179,reverse_complement
cc439959-8433-40cd-b15f-e827179e4ea8,chr12,60,120865490,chr12:120865490,exact,right,88,92,179,reverse_complement
